Workbook

Sheet Student Data
A1: Student ID | B1: Student Name | C1: Department | D1: Maths | E1: Python | F1: DBMS | G1: Web Development | H1: English | I1: Total | J1: Average | K1: Percentage | L1: Grade | M1: Result
A2: ST001 | B2: Ananya | C2: CSE | D2: 78 | E2: 85 | F2: 81 | G2: 88 | H2: 76 | I2: =SUM(D2:H2) -> 408 | J2: =AVERAGE(D2:H2) -> 81.6 | K2: =I2/500*100 -> 81.6 | L2: =IF(K2>=90,"A+",IF(K2>=80,"A",IF(K2>=70,"B",IF(K2>=60,"C",IF(K2>=50,"D","F"))))) -> A | M2: =IF(MIN(D2:H2)>=35,"Pass","Fail") -> Pass
A3: ST002 | B3: Bhavya | C3: CSE | D3: 92 | E3: 89 | F3: 95 | G3: 90 | H3: 94 | I3: =SUM(D3:H3) -> 460 | J3: =AVERAGE(D3:H3) -> 92 | K3: =I3/500*100 -> 92 | L3: =IF(K3>=90,"A+",IF(K3>=80,"A",IF(K3>=70,"B",IF(K3>=60,"C",IF(K3>=50,"D","F"))))) -> A+ | M3: =IF(MIN(D3:H3)>=35,"Pass","Fail") -> Pass
A4: ST003 | B4: Charan | C4: CSE | D4: 65 | E4: 72 | F4: 68 | G4: 70 | H4: 66 | I4: =SUM(D4:H4) -> 341 | J4: =AVERAGE(D4:H4) -> 68.2 | K4: =I4/500*100 -> 68.2 | L4: =IF(K4>=90,"A+",IF(K4>=80,"A",IF(K4>=70,"B",IF(K4>=60,"C",IF(K4>=50,"D","F"))))) -> C | M4: =IF(MIN(D4:H4)>=35,"Pass","Fail") -> Pass
A5: ST004 | B5: Divya | C5: CSE | D5: 84 | E5: 79 | F5: 88 | G5: 91 | H5: 86 | I5: =SUM(D5:H5) -> 428 | J5: =AVERAGE(D5:H5) -> 85.6 | K5: =I5/500*100 -> 85.6 | L5: =IF(K5>=90,"A+",IF(K5>=80,"A",IF(K5>=70,"B",IF(K5>=60,"C",IF(K5>=50,"D","F"))))) -> A | M5: =IF(MIN(D5:H5)>=35,"Pass","Fail") -> Pass
A6: ST005 | B6: Esha | C6: CSE | D6: 55 | E6: 61 | F6: 58 | G6: 64 | H6: 60 | I6: =SUM(D6:H6) -> 298 | J6: =AVERAGE(D6:H6) -> 59.6 | K6: =I6/500*100 -> 59.6 | L6: =IF(K6>=90,"A+",IF(K6>=80,"A",IF(K6>=70,"B",IF(K6>=60,"C",IF(K6>=50,"D","F"))))) -> D | M6: =IF(MIN(D6:H6)>=35,"Pass","Fail") -> Pass
A7: ST006 | B7: Farhan | C7: CSE | D7: 73 | E7: 68 | F7: 75 | G7: 71 | H7: 79 | I7: =SUM(D7:H7) -> 366 | J7: =AVERAGE(D7:H7) -> 73.2 | K7: =I7/500*100 -> 73.2 | L7: =IF(K7>=90,"A+",IF(K7>=80,"A",IF(K7>=70,"B",IF(K7>=60,"C",IF(K7>=50,"D","F"))))) -> B | M7: =IF(MIN(D7:H7)>=35,"Pass","Fail") -> Pass
A8: ST007 | B8: Gowthami | C8: CSE | D8: 96 | E8: 94 | F8: 91 | G8: 97 | H8: 93 | I8: =SUM(D8:H8) -> 471 | J8: =AVERAGE(D8:H8) -> 94.2 | K8: =I8/500*100 -> 94.2 | L8: =IF(K8>=90,"A+",IF(K8>=80,"A",IF(K8>=70,"B",IF(K8>=60,"C",IF(K8>=50,"D","F"))))) -> A+ | M8: =IF(MIN(D8:H8)>=35,"Pass","Fail") -> Pass
A9: ST008 | B9: Harsha | C9: CSE | D9: 69 | E9: 75 | F9: 72 | G9: 67 | H9: 70 | I9: =SUM(D9:H9) -> 353 | J9: =AVERAGE(D9:H9) -> 70.6 | K9: =I9/500*100 -> 70.6 | L9: =IF(K9>=90,"A+",IF(K9>=80,"A",IF(K9>=70,"B",IF(K9>=60,"C",IF(K9>=50,"D","F"))))) -> B | M9: =IF(MIN(D9:H9)>=35,"Pass","Fail") -> Pass
A10: ST009 | B10: Ishitha | C10: CSE | D10: 88 | E10: 86 | F10: 84 | G10: 89 | H10: 90 | I10: =SUM(D10:H10) -> 437 | J10: =AVERAGE(D10:H10) -> 87.4 | K10: =I10/500*100 -> 87.4 | L10: =IF(K10>=90,"A+",IF(K10>=80,"A",IF(K10>=70,"B",IF(K10>=60,"C",IF(K10>=50,"D","F"))))) -> A | M10: =IF(MIN(D10:H10)>=35,"Pass","Fail") -> Pass
A11: ST010 | B11: Jahnavi | C11: CSE | D11: 62 | E11: 59 | F11: 65 | G11: 61 | H11: 68 | I11: =SUM(D11:H11) -> 315 | J11: =AVERAGE(D11:H11) -> 63 | K11: =I11/500*100 -> 63 | L11: =IF(K11>=90,"A+",IF(K11>=80,"A",IF(K11>=70,"B",IF(K11>=60,"C",IF(K11>=50,"D","F"))))) -> C | M11: =IF(MIN(D11:H11)>=35,"Pass","Fail") -> Pass
A12: ST011 | B12: Kiran | C12: CSE | D12: 81 | E12: 77 | F12: 80 | G12: 85 | H12: 78 | I12: =SUM(D12:H12) -> 401 | J12: =AVERAGE(D12:H12) -> 80.2 | K12: =I12/500*100 -> 80.2 | L12: =IF(K12>=90,"A+",IF(K12>=80,"A",IF(K12>=70,"B",IF(K12>=60,"C",IF(K12>=50,"D","F"))))) -> A | M12: =IF(MIN(D12:H12)>=35,"Pass","Fail") -> Pass
A13: ST012 | B13: Lavanya | C13: CSE | D13: 74 | E13: 82 | F13: 76 | G13: 73 | H13: 80 | I13: =SUM(D13:H13) -> 385 | J13: =AVERAGE(D13:H13) -> 77 | K13: =I13/500*100 -> 77 | L13: =IF(K13>=90,"A+",IF(K13>=80,"A",IF(K13>=70,"B",IF(K13>=60,"C",IF(K13>=50,"D","F"))))) -> B | M13: =IF(MIN(D13:H13)>=35,"Pass","Fail") -> Pass
... A21: ST020 | B21: Yamini | C21: CSE | D21: 94 | E21: 96 | F21: 90 | G21: 92 | H21: 95 | I21: =SUM(D21:H21) -> 467 | J21: =AVERAGE(D21:H21) -> 93.4 | K21: =I21/500*100 -> 93.4 | L21: =IF(K21>=90,"A+",IF(K21>=80,"A",IF(K21>=70,"B",IF(K21>=60,"C",IF(K21>=50,"D","F"))))) -> A+ | M21: =IF(MIN(D21:H21)>=35,"Pass","Fail") -> Pass

Sheet Summary
A1: STUDENT RESULT ANALYSIS
A3: Total Students | B3: =COUNTA('Student Data'!A2:A21) -> 20 | D3: Grade | E3: Students
A4: Passed Students | B4: =COUNTIF('Student Data'!M2:M21,"Pass") -> 20 | D4: A+ | E4: =COUNTIF('Student Data'!L2:L21,D4) -> 3
A5: Failed Students | B5: =COUNTIF('Student Data'!M2:M21,"Fail") -> 0 | D5: A | E5: =COUNTIF('Student Data'!L2:L21,D5) -> 6
A6: Class Average | B6: =AVERAGE('Student Data'!K2:K21) -> 76.6 | D6: B | E6: =COUNTIF('Student Data'!L2:L21,D6) -> 5
A7: Highest Percentage | B7: =MAX('Student Data'!K2:K21) -> 94.2 | D7: C | E7: =COUNTIF('Student Data'!L2:L21,D7) -> 4
A8: Lowest Percentage | B8: =MIN('Student Data'!K2:K21) -> 53 | D8: D | E8: =COUNTIF('Student Data'!L2:L21,D8) -> 2
D9: F | E9: =COUNTIF('Student Data'!L2:L21,D9) -> 0
A11: Subject | B11: Average Marks | D11: Top Performers | E11: Percentage
A12: Maths | B12: =AVERAGE('Student Data'!D2:D21) -> 75.4 | D12: =INDEX('Student Data'!B2:B21,MATCH(E12,'Student Data'!K2:K21,0)) -> Gowthami | E12: =LARGE('Student Data'!K2:K21,1) -> 94.2
A13: Python | B13: =AVERAGE('Student Data'!E2:E21) -> 76.6 | D13: =INDEX('Student Data'!B2:B21,MATCH(E13,'Student Data'!K2:K21,0)) -> Yamini | E13: =LARGE('Student Data'!K2:K21,2) -> 93.4
A14: DBMS | B14: =AVERAGE('Student Data'!F2:F21) -> 76.6 | D14: =INDEX('Student Data'!B2:B21,MATCH(E14,'Student Data'!K2:K21,0)) -> Bhavya | E14: =LARGE('Student Data'!K2:K21,3) -> 92
A15: Web Development | B15: =AVERAGE('Student Data'!G2:G21) -> 77 | D15: =INDEX('Student Data'!B2:B21,MATCH(E15,'Student Data'!K2:K21,0)) -> Nandini | E15: =LARGE('Student Data'!K2:K21,4) -> 88.8
A16: English | B16: =AVERAGE('Student Data'!H2:H21) -> 77.4 | D16: =INDEX('Student Data'!B2:B21,MATCH(E16,'Student Data'!K2:K21,0)) -> Ishitha | E16: =LARGE('Student Data'!K2:K21,5) -> 87.4

Sheet README
A1: Project Title | B1: Student Result Analysis using Excel
A2: Objective | B2: Analyze student marks, calculate performance metrics, classify grades, and visualize results.
A3: Skills Demonstrated | B3: Excel formulas, sorting/filtering, conditional formatting, charts, data analysis, dashboard creation.
A4: Sheets | B4: Student Data = raw marks + calculations; Summary = KPIs, grade distribution, subject averages and charts; README = project documentation.
A5: Suggested GitHub Contents | B5: README.md + Student_Result_Analysis.xlsx + optional screenshots of the dashboard.
A6: Resume Bullet | B6: Analyzed 20-student academic data using Excel formulas, conditional formatting and charts to identify performance trends, grade distribution and top performers.
